SURVEY_DATE,EURO-SUPER_95,AUTOMOTIVE_GAS_OIL,LPG,METHANE,LNG,HEATING_GAS_OIL,RESIDUAL_FUEL_OIL,HEAVY_FUEL_OIL
2005-01-03,1115.75,1018.28,552.5,0,0,948.5,553.25,229.52
2005-01-10,1088,1004.39,552.57,0,0,947.94,554.22,238.37
2005-01-17,1088.14,1004.31,551.88,0,0,952.42,562.78,245.89
2005-01-24,1090.01,1004.31,551.88,0,0,963.98,573.42,243.84
2005-01-31,1132.11,1022.6,551.88,0,0,972.95,579.23,242.53
2005-02-07,1135.87,1022.67,551.88,0,0,955.66,565.28,250.24
2005-02-14,1135.88,1022.46,551.88,0,0,963.5,567.19,246.86
2005-02-21,1136.04,1022.79,551.88,0,0,968.29,567.01,242.84
2005-02-28,1136.04,1022.85,551.88,0,0,989.42,571.97,258.17
2005-03-07,1158.78,1047.59,552.37,0,0,1012.05,587.08,266.79
2005-03-14,1185.9,1072.72,553.56,0,0,1007,587.2,273.09
2005-03-21,1185.98,1072.86,553.56,0,0,1014.9,589.28,276.86
2005-04-04,1187.92,1074.63,553.56,0,0,1025.15,603.17,289.78
2005-04-11,1236.35,1122.8,553.81,0,0,1030.84,608.22,313.53
2005-04-18,1236.35,1122.8,553.81,0,0,1018.49,602.77,289.2
2005-04-25,1234.89,1121.45,553.81,0,0,1016.08,605.23,294.82
2005-05-02,1234.89,1092.92,553.2,0,0,1008.37,600.28,289.41
2005-05-09,1215.38,1072.72,553.2,0,0,1000.75,592.43,279.99
2005-05-16,1201.12,1062.62,553.2,0,0,986.34,578.27,284.06
2005-05-23,1186.26,1052.68,553.2,0,0,990.43,585.79,292.33
2005-05-30,1186.26,1052.68,553.2,0,0,1001,594.08,287.22
2005-06-06,1197.86,1074.55,553.2,0,0,1024.37,600.94,290.06
2005-06-13,1216.26,1102.35,553.2,0,0,1039.01,610.85,292.25
2005-06-20,1216.44,1104.03,553.2,0,0,1050.01,617.81,311.35
2005-06-27,1231.19,1120.85,553.2,0,0,1059.54,635.86,328.78
2005-07-04,1245.79,1131.05,553.44,0,0,1064.42,645.06,316.56
2005-07-11,1246.15,1131.97,553.44,0,0,1081.69,647.88,329.41
2005-07-18,1247.67,1133.37,553.44,0,0,1072.66,645.16,325.33
2005-07-25,1245.7,1132.13,553.44,0,0,1056.69,647.26,319.07
2005-08-01,1246.26,1132.13,553.44,0,0,1062.67,639.43,321.7
2005-08-08,1246.26,1132.82,553.44,0,0,1065.31,649.28,321.56
2005-08-22,1275.6,1157.26,555.16,0,0,1087.73,646.84,326.21
2005-08-29,1277.05,1157.9,555.16,0,0,1111.53,665.08,329.28
2005-09-05,1306.89,1179.13,555.16,0,0,1148.23,688.76,359.42
2005-09-12,1329.84,1206.9,578.22,0,0,1121.71,677,350.45
2005-09-19,1296.46,1178.61,579,0,0,1124.51,685.98,356.72
2005-09-26,1293.42,1177.67,579.54,0,0,1134.44,699.53,373.2
2005-10-03,1335.22,1217.1,593.24,0,0,1149.46,695.83,371.83
2005-10-10,1337.86,1218.09,599,0,0,1136.83,691.57,352.13
2005-10-17,1334.07,1216.71,599,0,0,1145.53,702.95,368.85
2005-10-24,1295.58,1208.15,599,0,0,1125.59,698.92,363.41
2005-10-31,1256.81,1169.02,601.29,0,0,1123.6,698.32,361.23
2005-11-07,1255.08,1167.34,604.47,0,0,1104.32,685.58,343.69
2005-11-14,1245.95,1138.33,606.56,0,0,1091.94,686.04,345.84
2005-11-21,1226.62,1118.46,625.92,0,0,1090.86,683.43,351.99
2005-11-28,1226.19,1118.46,629,0,0,1074.63,687.79,337.54
2005-12-05,1207.21,1108.09,636.75,0,0,1084.77,680.99,328.18
2005-12-12,1214.49,1114.85,636.75,0,0,1087.86,686.23,352.95
2005-12-19,1228.03,1128.36,637.51,0,0,1095.41,690.18,351.14
2006-01-02,1217.22,1117.79,637.51,0,0,1083.07,678.95,346.67
2006-01-09,1255.71,1155.76,664,0,0,1107.53,691.96,361.94
2006-01-16,1259.7,1157.03,669.73,0,0,1102.09,691.8,361.72
2006-01-23,1260.08,1156.96,671.44,0,0,1116.32,699.98,376.44
2006-01-30,1260.32,1157.35,675.35,0,0,1110.95,702.32,370.48
2006-02-06,1258.18,1157.27,675.85,0,0,1112.36,707.54,380.1
2006-02-13,1257.92,1157.27,675.85,0,0,1102.37,708.79,383.96
2006-02-20,1228.36,1137.2,675.85,0,0,1100.1,706.96,380.09
2006-02-27,1226.36,1137.98,675.85,0,0,1103.23,712.66,386.8
2006-03-06,1256.01,1167.02,681.24,0,0,1123.43,718.1,375.52
2006-03-13,1256.01,1167.15,681.24,0,0,1111.32,707.63,365.2
2006-03-20,1261.81,1169.1,681.24,0,0,1114.32,714.85,370.67
2006-03-27,1261.48,1169.46,681.24,0,0,1116.45,707.04,362.82
2006-04-03,1286.65,1169.51,673.49,0,0,1122.74,716.71,360.01
2006-04-10,1289.98,1169.61,655.18,0,0,1122.03,710.32,360.77
2006-04-24,1338.02,1208.09,651.59,0,0,1148.88,716.7,370.58
2006-05-01,1342.06,1210.84,651.59,0,0,1150.1,706.94,365.64
2006-05-02,1342.06,1210.84,651.59,0,0,1150.1,706.94,365.64
2006-05-08,1345.29,1212.62,651.59,0,0,1143.71,717.34,362.56
2006-05-15,1344.22,1202.03,651.59,0,0,1155.61,706.99,362.43
2006-05-22,1337.34,1198.22,651.59,0,0,1136.2,712.54,355.75
2006-05-29,1335.81,1196.47,651.59,0,0,1134.69,713.79,360.22
2006-06-05,1336.4,1196.99,651.59,0,0,1133.95,710.57,358.26
2006-06-12,1336.72,1197.12,651.59,0,0,1135.86,707.87,351.39
2006-06-19,1336.72,1197.12,651.59,0,0,1139.59,714.78,342.4
2006-06-26,1336.72,1197.12,651.59,0,0,1140.45,714.12,342.44
2006-07-03,1354.09,1197.12,651.59,0,0,1144.39,710.67,342.57
2006-07-10,1367.11,1201.87,651.59,0,0,1139.53,712.85,346.37
2006-07-17,1385.08,1207.26,651.59,0,0,1153.19,720.93,360.61
2006-07-24,1387.42,1207.26,651.59,0,0,1140.48,718.3,355.55
2006-07-31,1387.16,1206.43,651.59,0,0,1143.89,720.97,358.29
2006-08-07,1388.58,1206.43,651.02,0,0,1149.92,728.08,362
2006-08-14,1389.48,1206.69,651.02,0,0,1151.51,727.95,360.83
2006-08-21,1362.07,1207.02,651.02,0,0,1147.02,723.21,347.73
2006-08-28,1329.95,1206.81,651.02,0,0,1153.52,711.84,345.28
2006-09-04,1293.31,1188.55,651,0,0,1146.54,721.55,336.96
2006-09-11,1271.34,1177.6,650.38,0,0,1132.94,711.26,324.64
2006-09-18,1251.56,1158.4,649.82,0,0,1104.26,695.31,310.24
2006-09-25,1231.52,1128.68,649.64,0,0,1086.5,684.49,293.27
2006-10-02,1230.16,1127.14,649,0,0,1090.28,671.52,295.72
2006-10-09,1220.03,1116.96,609.37,0,0,1085.99,666.31,291.81
2006-10-16,1219.79,1116.96,609.37,0,0,1085.72,670.4,302.45
2006-10-23,1219.79,1116.96,609.37,0,0,1083.68,668.57,297.68
2006-10-30,1219.79,1117.02,609.37,0,0,1089.03,666.37,297.49
2006-11-06,1220.03,1116.81,609.37,0,0,1072.37,659.66,295.17
2006-11-13,1219.93,1116.14,609.37,0,0,1081.6,660.14,295.53
2006-11-20,1218.78,1113.76,609.37,0,0,1081.52,658.85,291.95
2006-11-27,1218.89,1113.87,609.37,0,0,1075.81,652.55,285.5
2006-12-04,1219.22,1113.87,609.37,0,0,1089.8,660.89,287.4
2006-12-11,1219.22,1113.87,609.37,0,0,1080.3,654.06,281.48
2006-12-18,1219.22,1113.87,609.37,0,0,1082.01,650.82,284.68
2007-01-08,1218.68,1114.29,609.37,0,0,1055.18,641.55,276.74
2007-01-15,1207.69,1098.03,609.37,0,0,1045.66,641.31,275.78
2007-01-22,1198.79,1079.86,609.37,0,0,1033.35,625.85,263.36
2007-01-29,1198.22,1079.72,609.37,0,0,1046.83,644.62,271.59
2007-02-05,1198.59,1079.34,609.37,0,0,1054.47,645.12,279.43
2007-02-12,1200.79,1081.68,609.37,0,0,1056.87,651.39,290.97
2007-02-19,1201.46,1082.07,609.37,0,0,1049.86,644.86,281.07
2007-02-26,1221.66,1097.83,609.37,0,0,1060.79,653.13,289.13
2007-03-05,1231.49,1099.76,609.37,0,0,1064.91,653.55,297.1
2007-03-12,1241.27,1108.92,609.37,0,0,1068.24,656.85,298.1
2007-03-19,1240.75,1108.92,609.37,0,0,1065.63,649.98,294.33
2007-03-26,1240.43,1108.45,609.37,0,0,1067.03,651.28,301.7
2007-04-02,1256.4,1113.86,609.37,0,0,1083.59,661.98,314.15
2007-04-16,1276.21,1127.27,631.63,0,0,1096.26,675.43,318.48
2007-04-23,1279.61,1128.12,641,0,0,1087.72,680.62,321.62
2007-04-30,1293.63,1128.71,621.38,0,0,1088.56,673.23,330.08
2007-05-07,1309.43,1129.3,621.38,0,0,1091.5,675.77,333.11
2007-05-14,1312.83,1129,619.89,0,0,1090.84,674.83,327.81
2007-05-21,1326.55,1131.89,617.47,0,0,1097.65,677.6,333.7
2007-05-28,1342.73,1139.33,615.97,0,0,1101.48,679.58,344.7
2007-06-04,1343.85,1147.78,615.97,0,0,1092.7,679.79,337.34
2007-06-11,1346.21,1150.77,615.97,0,0,1103.84,683.28,343.01
2007-06-18,1346.14,1151.9,614.47,0,0,1107.45,687.7,347.55
2007-06-25,1350.93,1156.35,614.47,0,0,1112.49,694.03,350.1
2007-07-02,1351.09,1157.81,615.96,0,0,1107.82,693.16,361.47
2007-07-09,1352.35,1158.59,615.96,0,0,1115.79,707.71,367.37
2007-07-16,1358.88,1164.4,625.77,0,0,1119.22,703.43,364.76
2007-07-23,1356.7,1164.32,625.77,0,0,1120.97,704.67,372.62
2007-07-30,1348.53,1172.5,625.77,0,0,1123.78,706.86,374.06
2007-08-06,1332.93,1182.24,625.71,0,0,1125.48,707.79,370.85
2007-08-13,1302.4,1174.41,626.26,0,0,1115.54,691.9,362.51
2007-08-20,1301.15,1171.43,625.71,0,0,1110.73,697.22,367.04
2007-08-27,1293.62,1164.43,625.71,0,0,1108.26,682.37,350.35
2007-09-03,1297.97,1167.74,625.71,0,0,1116.38,685.93,355.98
2007-09-10,1308.83,1173.52,626.35,0,0,1126.24,702.44,362.46
2007-09-17,1307.5,1188.59,626.35,0,0,1138.25,704.39,366.33
2007-09-24,1313.24,1197.45,626.35,0,0,1148,707,366.74
2007-10-01,1314.09,1203.16,626.35,0,0,1143.23,696.14,362.11
2007-10-08,1311.48,1203.36,626.35,0,0,1132.79,706.31,366.29
2007-10-15,1311.83,1203.36,627.88,0,0,1143.26,714.7,377.16
2007-10-22,1313.46,1207.57,638.97,0,0,1159.28,727.6,383.5
2007-10-29,1319.09,1213.84,643.96,0,0,1169.85,736.9,392.38
2007-11-05,1331.65,1229.38,647.49,0,0,1196.21,768.05,413.58
2007-11-12,1356.42,1259.41,653.4,0,0,1219.75,768.38,429.84
2007-11-19,1360.44,1264.19,657.12,0,0,1217.46,768.18,420.45
2007-11-26,1363.88,1289.21,666.09,0,0,1233.49,784.27,432.84
2007-12-03,1363.44,1291.56,668.4,0,0,1223.75,774.39,417.38
2007-12-10,1361.99,1290.03,668.89,0,0,1206.09,768.68,411.25
2007-12-17,1358.66,1281.36,669.92,0,0,1217.05,785.79,407.64
2007-12-31,1359.16,1280.95,671.09,0,0,1217.49,781.07,434.35
2008-01-07,1377.18,1295.83,672.3,0,0,1223.89,807.21,444.94
2008-01-14,1371.94,1287.22,672.3,0,0,1223.32,774.78,428.53
2008-01-21,1355.99,1260.5,674.6,0,0,1203.09,776.64,411.16
2008-01-28,1351.75,1254.85,684.45,0,0,1201.22,772.17,402.14
2008-02-04,1352.92,1258.77,691.29,0,0,1201.49,765.96,405.99
2008-02-11,1352.35,1258.79,691.29,0,0,1205.12,783.49,400.91
2008-02-18,1367.02,1278.86,691.89,0,0,1238.4,804.31,416.29
2008-02-25,1385.05,1309.05,691.89,0,0,1250.9,817.96,419.7
2008-03-03,1388.46,1313.45,691.89,0,0,1260.72,814.53,417.41
2008-03-10,1388.75,1325.07,691.89,0,0,1286.93,824.23,418.37
2008-03-17,1385.52,1349,691.89,0,0,1296.59,831.33,420.65
2008-03-31,1363.13,1326.94,681.78,0,0,1279.41,830.84,407.23
2008-04-07,1364.2,1326.47,680.8,0,0,1272.43,846.23,425.9
2008-04-14,1380.4,1346.01,677.83,0,0,1301.23,863.1,435.26
2008-04-21,1380.72,1366.36,677.83,0,0,1317.47,869.02,438.48
2008-04-28,1395.85,1377.11,677.83,0,0,1333.83,869.13,440.9
2008-05-05,1431.6,1411.36,688.55,0,0,1343.91,877.47,443.73
2008-05-12,1459.08,1445.65,689.27,0,0,1405.8,915.1,466.11
2008-05-19,1473.16,1467.06,689.27,0,0,1431.52,926.06,481.47
2008-05-26,1497.1,1493.51,691.24,0,0,1459.79,940.16,485.15
2008-06-02,1496.4,1490.21,691.31,0,0,1445.81,916.74,493.56
2008-06-09,1502.78,1497.85,691.55,0,0,1440.87,925.73,497.95
2008-06-16,1524.64,1520.34,693.52,0,0,1470.68,958.96,521.37
2008-06-23,1525.03,1520.65,691.55,0,0,1458.01,953.56,521.87
2008-06-30,1524.97,1520.52,693.52,0,0,1467.02,974.07,534.24
2008-07-07,1528.3,1524.07,694.96,0,0,1486.88,1005.58,569.44
2008-07-14,1532.35,1528.42,696.82,0,0,1481.92,1002.86,578.35
2008-07-21,1524.12,1518.98,696.82,0,0,1461.92,983.97,561.36
2008-07-28,1489.64,1484.71,697.06,0,0,1425.7,959.13,541.85
2008-08-04,1467.45,1462.36,689.18,0,0,1404.45,963.87,527.83
2008-08-11,1453.2,1427.88,689.18,0,0,1371.2,934.73,509.93
2008-08-18,1448.54,1418.55,689.18,0,0,1360,943.28,514.23
2008-08-25,1450.35,1418.25,689.18,0,0,1380.93,931.61,525.25
2008-09-01,1454.13,1415.97,689.97,0,0,1372.97,935.76,526.81
2008-09-08,1445.69,1396.53,688.38,0,0,1350.9,913.95,495.43
2008-09-15,1444.53,1375.74,688.38,0,0,1345.24,895.94,480.11
2008-09-22,1405.47,1353.28,690.75,0,0,1319.89,881.71,441.09
2008-09-29,1413.39,1362.77,691.1,0,0,1338.95,902.41,473.04
2008-10-06,1403.83,1359.63,687.16,0,0,1325.31,894.88,462.2
2008-10-13,1351.51,1297.76,685.46,0,0,1271.16,848.69,428.02
2008-10-20,1292.85,1252.68,685.46,0,0,1211.41,812.85,377.75
2008-10-27,1266.53,1232.3,683.68,0,0,1209.27,819.78,391.96
2008-11-03,1255.69,1217.37,683.68,0,0,1188.43,797.89,363
2008-11-10,1222.51,1209.92,680.28,0,0,1182.75,788.09,341.68
2008-11-17,1199.76,1192.67,657.93,0,0,1153.25,766.62,332.71
2008-11-24,1154.11,1148.63,653.44,0,0,1122.9,755.34,321.81
2008-12-01,1146.96,1141.85,640.54,0,0,1117.74,756.81,317.27
2008-12-08,1127.81,1113.02,626.45,0,0,1082.86,737.93,301.78
2008-12-15,1114.59,1080.19,616.67,0,0,1047.06,727.46,283.67
2008-12-22,1102.18,1053.45,608.52,0,0,1023.71,709.65,268.09
2009-01-05,1082.64,1022.49,607.31,0,0,1006.25,701.76,252.01
2009-01-12,1112.87,1052.18,605.9,0,0,1031.56,718.44,282.8
2009-01-19,1132.41,1070.11,591.37,0,0,1032.97,715.18,270.79
2009-01-26,1136.43,1061,584.8,0,0,1019.45,708.97,280.47
2009-02-02,1144.18,1062.59,584.1,0,0,1026.08,715.13,279.96
2009-02-09,1142.07,1065.93,590.76,0,0,1018.01,714.79,280.09
2009-02-16,1134.66,1061.17,590.76,0,0,1011.6,714.37,290.34
2009-02-23,1143.29,1033.24,590.76,0,0,991.1,737.98,285.6
2009-03-02,1156.23,1020.86,590.76,0,0,993.69,743.86,290.67
2009-03-09,1160.68,1018.14,590.76,0,0,979.81,677.16,280.8
2009-03-16,1165,1018.83,577.49,0,0,971.84,678.05,289.02
2009-03-23,1164.48,1026.5,565.77,0,0,988.31,710.37,282.01
2009-03-30,1186.42,1041.53,558.69,0,0,1013.85,765.67,292.67
2009-04-06,1175.87,1032.3,557.54,0,0,1011.02,725.66,291.61
2009-04-20,1196.31,1051.82,546.62,0,0,1015.36,730.65,305.5
2009-04-27,1197.58,1055.19,545.03,0,0,1000.09,724.49,302.95
2009-05-04,1183.32,1051.86,545.03,0,0,997.45,723.03,299.26
2009-05-11,1229.38,1071.09,537.53,0,0,1010.34,744.43,325.68
2009-05-18,1234.04,1066.09,534.37,0,0,1009.53,710.27,332.5
2009-05-25,1263.06,1060.03,535.24,0,0,1003.4,712.53,332.61
2009-06-01,1275.81,1064.7,539.27,0,0,1010.11,742.69,334.08
2009-06-08,1283.37,1090.13,548.44,0,0,1041.53,755.42,359.11
2009-06-15,1305.07,1109.55,551.88,0,0,1059.44,763.35,367.55
2009-06-22,1316.06,1118.09,552.32,0,0,1077.23,775.31,368
2009-06-29,1291.46,1101.62,552.9,0,0,1062.21,768.34,349.8
2009-07-06,1279.43,1096.17,542.35,0,0,1049.67,763.44,358.69
2009-07-13,1259.53,1074.66,544.68,0,0,1026.89,750.02,345.5
2009-07-20,1251.29,1064.92,545.39,0,0,1034.27,760.09,362.83
2009-07-27,1279.4,1102.77,546.15,0,0,1054.86,772.69,372.7
2009-08-03,1280.03,1104,546.15,0,0,1064.41,777.31,370.7
2009-08-10,1307.44,1127.23,547.56,0,0,1076.23,786.58,379.25
2009-08-17,1303.9,1123.63,547.14,0,0,1073.56,783.95,386.27
2009-08-24,1296.28,1118.92,545.73,0,0,1074.6,791.35,391.86
2009-08-31,1292.07,1116.85,545.73,0,0,1068.32,782.89,393.1
2009-09-07,1272.05,1094.85,545.73,0,0,1049.25,773.1,374.37
2009-09-14,1270.04,1092.99,545.73,0,0,1049.76,771.34,371.88
2009-09-21,1267.19,1091.4,545.11,0,0,1051.16,777.24,377.76
2009-09-28,1241,1075.68,545.11,0,0,1036.54,759.57,362.96
2009-10-05,1236.39,1079.16,545.1,0,0,1037.97,758.97,369.7
2009-10-12,1251.18,1086.55,545.11,0,0,1044.08,768.63,368.62
2009-10-19,1264.46,1106.49,545.11,0,0,1070.53,778.31,375.41
2009-10-26,1286.54,1126.57,545.11,0,0,1088.65,795.37,397.41
2009-11-02,1294.88,1134.57,543.67,0,0,1098.66,797.99,406.5
2009-11-09,1293.08,1129.46,567.7,0,0,1093.7,798.56,400.11
2009-11-16,1282.61,1116.63,582.08,0,0,1082.97,791.66,397.67
2009-11-23,1288.77,1124.63,587.8,0,0,1083.77,796.31,400.08
2009-11-30,1281.29,1117.5,592.98,0,0,1078.11,791.22,395.65
2009-12-07,1281.07,1118.06,593.62,0,0,1079.27,792.78,395.19
2009-12-14,1270.31,1108.88,596.08,0,0,1073.08,781.5,386.97
2009-12-21,1263.98,1113.34,603.75,0,0,1088.21,793.13,391.98
2009-12-28,1272.03,1116.97,604.17,0,0,1094.83,797.31,402.02
2010-01-04,1293.97,1135.46,608.08,0,0,1108.27,804.79,406.28
2010-01-11,1310.76,1152.97,612.98,0,0,1137.6,827.21,428.15
2010-01-18,1315.94,1157.52,622.23,0,0,1124.46,813.78,411.95
2010-01-25,1313.83,1147.15,624.2,0,0,1119.99,810.33,409.47
2010-02-01,1312.6,1136.04,625.72,0,0,1108.19,807.68,410.4
2010-02-08,1320.82,1142.94,637.05,0,0,1114.04,807.37,408.19
2010-02-15,1306.98,1135.23,646.19,0,0,1109.37,814.66,409.58
2010-02-22,1311.1,1155.08,655.77,0,0,1126.13,830.64,416.92
2010-03-01,1333.18,1180.87,655.86,0,0,1132.89,823.29,404.71
2010-03-08,1352.43,1181.81,655.88,0,0,1144.92,826.76,418.08
2010-03-15,1363.15,1189.53,655.9,0,0,1153.36,829.5,419.6
2010-03-22,1376.49,1200.84,656.47,0,0,1159.05,835.82,426.96
2010-03-29,1377.49,1201.89,662.12,0,0,1163.68,844.16,438.14
2010-04-12,1392.62,1219.94,662.55,0,0,1187.9,857.66,450.75
2010-04-19,1392.12,1223.21,658.93,0,0,1193.62,863.04,456.16
2010-04-26,1389.67,1230.4,659.15,0,0,1200.89,862.81,455.98
2010-05-03,1404.64,1247.62,659.17,0,0,1212.56,867.05,461.75
2010-05-10,1399.64,1245.73,659.37,0,0,1203.96,862.66,460.78
2010-05-17,1394.59,1251.03,660.47,0,0,1200.74,865.47,460.79
2010-05-24,1372.59,1227.12,660.47,0,0,1171.11,836.76,435.75
2010-05-31,1359.33,1216.1,660.51,0,0,1187.3,845.39,440.66
2010-06-07,1372.18,1229.93,660.39,0,0,1191.74,848.32,446
2010-06-14,1376.18,1239.59,663.79,0,0,1210.13,858.05,453.95
2010-06-21,1391.59,1251.71,660,0,0,1215.49,859.41,449.12
2010-06-28,1395.7,1247.92,660,0,0,1204.33,848.98,446.12
2010-07-05,1377.65,1219.59,660,0,0,1178.88,840.21,436.37
2010-07-12,1372.37,1212.09,660.08,0,0,1177.95,841.51,446.42
2010-07-19,1365.56,1207.36,655.62,0,0,1170.01,845.25,451.21
2010-07-26,1355.44,1201.61,655.24,0,0,1176.59,850.16,454.6
2010-08-02,1362.8,1210.47,654.83,0,0,1172.7,846.14,449.73
2010-08-09,1366.78,1214.2,654.12,0,0,1181.04,846.82,456.16
2010-08-16,1365.94,1212.66,654.1,0,0,1187.53,869.94,447.65
2010-08-23,1359.69,1210.96,654.1,0,0,1170.08,841.85,446.41
2010-08-30,1350.36,1207.52,653.53,0,0,1174.23,833.46,446.56
2010-09-06,1349.91,1208.93,655.58,0,0,1167.91,830.59,431.84
2010-09-13,1359.13,1222.45,655.19,0,0,1184.17,840.37,449.01
2010-09-20,1364.74,1227.79,655.89,0,0,1184.73,832.93,439.31
2010-09-27,1347.96,1215.9,654.18,0,0,1164.96,825.04,427.27
2010-10-04,1344.06,1211.67,654.77,0,0,1182.1,830.07,422.86
2010-10-11,1354.47,1223.72,664.12,0,0,1183.73,813.41,436.84
2010-10-18,1358.83,1229.15,661,0,0,1187.45,829.95,439.81
2010-10-25,1351.57,1223.7,660.89,0,0,1177.43,826.44,425.36
2010-11-01,1352.9,1227.64,661.5,0,0,1178.39,829.95,437.33
2010-11-08,1363.98,1233.93,672.5,0,0,1183.83,834.21,442.04
2010-11-15,1381.46,1255.91,680.98,0,0,1207.7,847.76,454.95
2010-11-22,1377.11,1248.88,684.21,0,0,1196.8,836.13,434.52
2010-11-29,1384.92,1260.41,694.02,0,0,1204.78,843.89,453.24
2010-12-06,1412.07,1285.61,720.58,0,0,1238.48,854.26,473.08
2010-12-13,1419.32,1295.23,735.99,0,0,1251.4,849.14,461.88
2010-12-20,1417.72,1292.5,740.54,0,0,1251.46,855,472.16
2011-01-03,1437.5,1312.12,749.61,0,0,1256.04,873.87,469.89
2011-01-10,1444.69,1318.27,753.11,0,0,1264.07,889.96,478.04
2011-01-17,1465.6,1340.35,784.92,0,0,1285.63,879.78,490.75
2011-01-24,1470.51,1349.45,789.82,0,0,1283.47,881.11,473.83
2011-01-31,1465.82,1345.89,791.27,0,0,1277.92,879.83,476.8
2011-02-07,1465.98,1346.85,791.36,0,0,1291.64,895.18,496.64
2011-02-14,1466.05,1347.68,790.68,0,0,1300.97,907.14,503.03
2011-02-21,1474.65,1358.03,790.2,0,0,1318.87,914.3,516.05
2011-02-28,1507.97,1392.09,790.43,0,0,1347.85,945.95,556.01
2011-03-07,1524.87,1416.67,793.84,0,0,1369.57,954.03,556.94
2011-03-14,1531.48,1422.61,794.91,0,0,1369.21,960.99,575.04
2011-03-21,1527.15,1425.26,791.42,0,0,1372.89,960.11,573.88
2011-03-28,1521.36,1428.57,790.82,0,0,1370.83,964.05,580.41
2011-04-04,1523.01,1429.17,790.76,0,0,1372.28,966.97,580.64
2011-04-11,1549.87,1456.62,790.85,0,0,1386.4,981.71,603.21
2011-04-18,1554.8,1459.77,788.86,0,0,1377.96,979.54,598.8
2011-04-25,1551.33,1456.2,788.3,0,0,1378.01,970.02,576.99
2011-05-02,1552.47,1456.81,788.27,0,0,1374.37,962.52,567.86
2011-05-16,1550.81,1408.96,776.48,0,0,1328.48,936.93,545.9
2011-05-23,1538.32,1403.06,774.19,0,0,1326.37,934.25,550.82
2011-05-30,1537.32,1402.98,773.99,0,0,1340.09,941.89,562.16
2011-06-06,1535.3,1401.79,759.49,0,0,1336,941.35,560.7
2011-06-13,1530.59,1403.85,749.91,0,0,1343.61,950.37,581.71
2011-06-20,1529.36,1411.69,749.85,0,0,1339.98,952.32,576.04
2011-06-27,1506.84,1384.81,743.42,0,0,1315.05,934.58,556.48
2011-07-04,1555.63,1428.62,740.52,0,0,1327.48,942.76,575.31
2011-07-18,1589.8,1464.57,731.59,0,0,1364.16,962.18,598.65
2011-07-25,1590.24,1465.31,730.62,0,0,1375.76,964.08,596.71
2011-08-01,1597.52,1473.98,728.36,0,0,1374.72,962.24,592.63
2011-08-08,1592.74,1467.92,728.42,0,0,1358.72,946.8,569.44
2011-08-22,1568.84,1442.67,726.87,0,0,1338.87,932.48,551.19
2011-08-29,1567.91,1441.63,725,0,0,1349.47,944.95,557.56
2011-09-05,1575.39,1449.27,729.86,0,0,1361.15,954.7,574.23
2011-09-12,1590.44,1464.8,729.94,0,0,1371.95,965.29,586.56
2011-09-19,1605.45,1482.81,737.45,0,0,1381.02,968.38,591.06
2011-09-26,1604.02,1485.8,731.88,0,0,1376.86,957.73,571.61
2011-10-03,1594.12,1482.51,731.79,0,0,1369.3,954.14,569.13
2011-10-10,1585.94,1479.61,730.86,0,0,1370.35,955.73,575.79
2011-10-17,1589.06,1481.21,729.85,0,0,1378.66,962.53,587.24
2011-10-24,1597.1,1491.04,727.9,0,0,1386.84,963.82,581.71
2011-10-31,1588.92,1489.35,726.73,0,0,1390.47,966.35,582.52
2011-11-07,1592.13,1501.36,726.19,0,0,1395.23,963.63,593.6
2011-11-14,1594.72,1516.18,726.29,0,0,1418.83,982.1,615.69
2011-11-21,1587.57,1525.03,721.88,0,0,1421.27,992.44,601.19
2011-11-28,1576.98,1529.3,725.39,0,0,1425.06,977.37,585.17
2011-12-05,1575.3,1525.92,725.07,0,0,1397.45,968.29,595.68
2011-12-12,1672.73,1658.31,740.26,0,0,1408.95,973.26,599.56
2011-12-19,1673.5,1653.99,740.39,0,0,1405.38,970.53,595.71
2011-12-26,1675.76,1653.05,741.02,0,0,1404.54,985.25,622.76
2012-01-02,1686.26,1653.11,748.4,0,0,1407.45,990.9,626.12
2012-01-09,1694.02,1664.02,752.73,0,0,1443.84,1022.87,655.87
2012-01-16,1709.35,1681.51,757.42,0,0,1456.83,1031.77,666.18
2012-01-23,1712.78,1687,757.89,0,0,1439.52,1017.99,646.34
2012-01-30,1717.62,1685.18,758.28,0,0,1433.12,1015.16,643.68
2012-02-06,1726.8,1682.54,777.34,0,0,1437.02,1019.06,644.74
2012-02-13,1736.54,1691.14,800.75,0,0,1458.26,1037.79,672.13
2012-02-20,1752.49,1702.09,813.33,0,0,1477.01,1045.79,677.84
2012-02-27,1765.72,1712.95,813.83,0,0,1482.5,1046.15,677.33
2012-03-05,1771.22,1716.18,847.89,0,0,1471.67,1046.41,691.35
2012-03-19,1818.29,1730.55,886.57,0,0,1501.41,1061.49,702.98
2012-03-26,1829.16,1735.72,892.88,0,0,1496.09,1052.25,688.35
2012-04-02,1842.69,1738.19,896.06,0,0,1486.72,1051.66,693.15
2012-04-09,1850.86,1737.08,896.27,0,0,1485.55,1057.08,691
2012-04-16,1856.26,1735.1,884.96,0,0,1484.7,1058.2,695.48
2012-04-23,1853.82,1730.82,879.5,0,0,1485.4,1045.16,673.28
2012-04-30,1851.92,1727.34,874.12,0,0,1484.69,1046.41,673.25
2012-05-07,1831.02,1722.47,860.54,0,0,1466.37,1038.93,671.11
2012-05-14,1786.78,1694.62,835.64,0,0,1456.67,1021.28,649.19
2012-05-21,1777.45,1684.69,821.83,0,0,1449.76,1005.93,642.77
2012-05-28,1775.12,1679.2,817.69,0,0,1447.26,1001.4,640.82
2012-06-04,1778.29,1678.22,817.35,0,0,1431.35,991.73,620.77
2012-06-11,1768.17,1664.54,804.72,0,0,1410.25,980.7,604.27
2012-06-18,1755.34,1649.06,783.45,0,0,1401.32,971.25,599.14
2012-06-25,1730.53,1622.76,757.62,0,0,1387.21,954.17,572.27
2012-07-02,1719.88,1613.52,747.75,0,0,1390.06,960.38,586.65
2012-07-09,1743.23,1634.69,744.75,0,0,1419.64,994.63,614.19
2012-07-16,1757.58,1648.74,740.56,0,0,1429.7,978.88,625.35
2012-07-23,1777.87,1682.95,735.13,0,0,1461.39,1004.09,655.89
2012-07-30,1779.47,1687.82,733.76,0,0,1454.67,996.5,647.85
2012-08-06,1785.91,1689.27,754.24,0,0,1452.45,987.15,644.85
2012-08-13,1812.09,1711.27,777.4,0,0,1470.35,1002.8,668.54
2012-08-20,1847.42,1740.3,784.1,0,0,1487.28,1012.08,684.58
2012-08-27,1870.13,1759.24,789.36,0,0,1499.63,1029.09,673.31
2012-09-03,1870.61,1759.94,790.94,0,0,1497.49,1034.39,677.6
2012-09-10,1889.81,1777.8,816.99,0,0,1497.96,1046.1,681.96
2012-09-17,1877.64,1773.15,835.4,0,0,1492.88,1038.09,676.93
2012-09-24,1845.73,1747.41,837.91,0,0,1468.03,1012.72,633.17
2012-10-01,1845.18,1746.67,841.82,0,0,1470.13,1016.63,636.27
2012-10-08,1836.78,1744.68,850.74,0,0,1469.85,1004.88,618.27
2012-10-15,1845.42,1749.97,855.29,0,0,1489.59,1002.25,628.15
2012-10-22,1824.77,1747.21,855.92,0,0,1477.11,987.21,610.27
2012-10-29,1795.39,1731.79,855.98,0,0,1460.29,996.86,608.91
2012-11-05,1763.35,1715.76,860.67,0,0,1450.13,988.48,602.66
2012-11-12,1746.58,1704.88,879.47,0,0,1436.03,984.25,596.37
2012-11-19,1749.7,1707.51,881.51,0,0,1445.1,986.01,601.18
2012-11-26,1754.61,1712.26,881.69,0,0,1447.93,984.57,590.46
2012-12-03,1750.21,1707.91,882.22,0,0,1449.08,977.86,578.97
2012-12-10,1742.58,1699.14,878.1,0,0,1429.49,965.69,571.19
2012-12-17,1745.42,1697.37,879.87,0,0,1429.45,971.02,578.64
2013-01-14,1759.22,1700.29,872.91,0,0,1449.99,994.68,616.82
2013-01-21,1742.23,1683.13,865.01,0,0,1433.94,988.54,595.94
2013-01-28,1751.4,1691,860.14,0,0,1445.88,987.98,609.81
2013-02-04,1764.56,1694.41,858,0,0,1443.19,983.22,604.45
2013-02-11,1778.32,1696.86,855.88,0,0,1460.39,1002.78,628.6
2013-02-18,1796.01,1705.01,855.93,0,0,1469.39,1010.56,636.39
2013-02-25,1810.42,1710.96,855.06,0,0,1460.51,997.91,611.83
2013-03-04,1809.72,1706.02,849.52,0,0,1439.2,985.86,599.88
2013-03-11,1803.82,1698.54,841.81,0,0,1435.64,986.97,600.51
2013-03-18,1788.22,1686.98,835.16,0,0,1428.81,979.58,590.41
2013-03-25,1780.4,1679.05,836.02,0,0,1420.35,974.39,587.45
2013-04-08,1771.04,1667.3,822.86,0,0,1417.6,958.9,579.63
2013-04-15,1753.09,1648.77,796.99,0,0,1400.13,966.36,566.05
2013-04-22,1722.85,1621.6,795.45,0,0,1382.64,964.75,548.23
2013-04-29,1711.15,1608.09,795.34,0,0,1391.93,952,562.34
2013-05-06,1713.09,1608.48,781.72,0,0,1347.03,912.97,542.46
2013-05-13,1709.84,1605.18,765.19,0,0,1381.61,954.4,578.45
2013-05-20,1717.14,1615.03,765.52,0,0,1389.01,968.48,575.31
2013-05-27,1732.97,1628.06,764.43,0,0,1374.47,954.08,565.37
2013-06-03,1736.48,1631.24,755.27,0,0,1372.02,947.34,562.43
2013-06-10,1735.46,1626.73,752.37,0,0,1363,951.72,569.51
2013-06-17,1731.16,1622.02,751.21,0,0,1365.87,944.42,563.78
2013-06-24,1732.15,1625.39,751.39,0,0,1356.61,934.93,559.33
2013-07-01,1735.03,1625.78,752.63,0,0,1389.85,952.03,560.66
2013-07-08,1740.69,1631.91,764.28,0,0,1400.06,955.93,565.87
2013-07-15,1762.13,1652.72,774.78,0,0,1402.25,955.62,569.89
2013-07-22,1771.41,1661.25,780.67,0,0,1413.29,952.3,565.43
2013-07-29,1771.29,1660.73,776.69,0,0,1399.73,947.27,563.25
2013-08-05,1769.81,1659.68,785.67,0,0,1409.74,948.51,564.74
2013-08-12,1768.79,1658.31,790.18,0,0,1393.68,969.85,542.58
2013-08-19,1762.01,1652.96,790.79,0,0,1411.04,957.43,571.88
2013-08-26,1768.98,1659.96,790.88,0,0,1405.94,960.25,570.72
2013-09-02,1781.63,1669.75,792.23,0,0,1432.73,981.34,576.93
2013-09-09,1786.03,1680.74,802.69,0,0,1433.61,973.67,580.49
2013-09-16,1775.87,1681.71,802.05,0,0,1432.06,970.55,575.1
2013-09-23,1753.85,1677.51,795.03,0,0,1409.31,959.16,564.39
2013-09-30,1733.59,1662.38,792.17,0,0,1394.22,955.62,560.06
2013-10-07,1733.54,1663.07,791.36,0,0,1405.78,950.87,552.35
2013-10-14,1728.67,1660.1,787.91,0,0,1425.61,975.8,555.74
2013-10-21,1726.66,1658.37,787.03,0,0,1408.56,965.7,547.44
2013-10-28,1717.23,1650.27,781.59,0,0,1396.68,928.72,532.07
2013-11-04,1700.72,1633.9,779.01,0,0,1406.81,962.55,538.97
2013-11-11,1700.4,1633.38,782.03,0,0,1381.29,935.4,543.04
2013-11-18,1701.74,1635.38,782.26,0,0,1409.15,969.52,550.23
2013-11-25,1714.12,1646.43,787.21,0,0,1416.92,972.03,556.7
2013-12-02,1725.91,1656.81,790.77,0,0,1426.34,984.4,562.57
2013-12-09,1728.42,1657.62,845.72,0,0,1430.42,987.08,567.89
2013-12-16,1728.15,1655.97,871.42,0,0,1415.64,965.55,552.37
2014-01-06,1729.28,1656.65,888.33,0,0,1407.17,958.94,537.35
2014-01-13,1722.64,1649.69,878.49,0,0,1394.18,968.09,544.16
2014-01-20,1718.35,1641.94,863.54,0,0,1397.72,965.73,550.05
2014-01-27,1715.37,1639.49,853.56,0,0,1409.2,967.62,552.93
2014-02-03,1713.75,1639.31,843.6,0,0,1414.38,979.42,571.97
2014-02-10,1711.1,1636.42,821.25,0,0,1410.31,980.48,577.68
2014-02-17,1714.66,1637.98,812.37,0,0,1414.21,981.42,579.13
2014-02-24,1717.87,1636.92,805.42,0,0,1419.39,985.91,585.02
2014-03-03,1717.87,1635.83,801.37,0,0,1412.28,987.84,580.3
2014-03-10,1717.1,1635.36,789.49,0,0,1402.64,981.68,580.25
2014-03-17,1712.82,1627.35,774.91,0,0,1395.34,973.29,570.12
2014-03-24,1704.55,1615.99,771.92,0,0,1399.55,976.37,577.72
2014-03-31,1714.44,1622.79,767.41,0,0,1393.21,972.07,581.45
2014-04-07,1722.85,1627.43,767.91,0,0,1384.71,974.42,577.25
2014-04-14,1725.6,1628.62,769.04,0,0,1387.2,970.1,566.9
2014-04-28,1737.54,1633.1,769.5,0,0,1398,961.54,557.7
2014-05-05,1738.96,1634.01,769.12,0,0,1388.96,964.04,558.74
2014-05-12,1736.34,1629.97,759.91,0,0,1386.26,957.9,556.23
2014-05-19,1734.87,1627.29,755.59,0,0,1399.59,966.44,575.55
2014-05-26,1739.39,1629.38,755,0,0,1408.37,990.06,588.4
2014-06-02,1739.27,1631.13,758.81,0,0,1389.4,972.44,584.24
2014-06-09,1740.27,1628.99,763.27,0,0,1385.89,982.09,580.27
2014-06-16,1741.44,1629.38,768.74,0,0,1400.53,988.86,589.63
2014-06-23,1753.34,1637.47,768.43,0,0,1415.45,986.76,582.27
2014-06-30,1759.34,1642.62,770.66,0,0,1413.31,984.43,579.73
2014-07-07,1762.4,1643.38,769.68,0,0,1402.72,979.92,569.18
2014-07-14,1763.22,1637.75,771.46,0,0,1393.13,973.96,562.18
2014-07-21,1758.78,1626.54,771.12,0,0,1392.35,962.11,553.59
2014-07-28,1757.95,1622.72,768.81,0,0,1397.07,962.92,552.89
2014-08-04,1755.25,1623.08,769.09,0,0,1401.47,963.45,553.03
2014-08-11,1751.42,1622.87,768.42,0,0,1398.87,960.36,542.57
2014-08-18,1748.72,1621.66,767.61,0,0,1392.44,958.39,537.06
2014-08-25,1741.16,1618.22,767.8,0,0,1392.55,958.13,544.33
2014-09-01,1739.31,1617.49,767.8,0,0,1395.2,963.6,551.87
2014-09-08,1736.93,1616.55,759.45,0,0,1400.46,968.06,559.64
2014-09-15,1734.9,1615.28,756.2,0,0,1390.44,960.3,548.7
2014-09-22,1730.05,1612,755.93,0,0,1385.38,956.88,544.68
2014-09-29,1724.17,1607.04,752.82,0,0,1384.23,959.63,551.11
2014-10-06,1722.64,1606.05,753.62,0,0,1367.15,947.63,532.48
2014-10-13,1717.65,1598.82,747.97,0,0,1360.86,930.79,508.08
2014-10-20,1697.97,1582.19,749.16,0,0,1336.13,906.22,471.02
2014-10-27,1680.98,1570.13,749.15,0,0,1338.75,913.48,483.49
2014-11-03,1665.92,1562.69,743.2,0,0,1342.55,913.38,484.75
2014-11-10,1657.31,1556.26,726.82,0,0,1338.57,906.89,463.52
2014-11-17,1647.85,1551.05,714.5,0,0,1329.52,893.3,453.98
2014-11-24,1634.72,1541.16,710.53,0,0,1322.95,885.28,442.79
2014-12-01,1623.75,1531.6,710.61,0,0,1300.16,866.86,417.21
2014-12-08,1595.6,1505.87,689.58,0,0,1287.9,861.41,412.63
2014-12-15,1565.86,1472.66,674.09,0,0,1242.95,849.75,385.97
2015-01-05,1505.75,1425.68,648.42,0,0,1212.43,815.5,347.59
2015-01-12,1472.82,1387.85,628.95,0,0,1168.53,779.72,328.21
2015-01-19,1448.29,1359.97,616.12,0,0,1146.01,777.97,323.23
2015-01-26,1437.04,1347.99,614.89,0,0,1162.9,783.46,331
2015-02-02,1445.71,1356.19,620.53,0,0,1158.68,800.51,338.77
2015-02-09,1477.26,1387.76,620.18,0,0,1200.98,819.59,381.1
2015-02-16,1513.69,1423.98,619.8,0,0,1201.51,796.9,389.64
2015-02-23,1533.68,1446.55,619.25,0,0,1222.56,829.49,384.47
2015-03-02,1546.8,1460.27,621.66,0,0,1232.12,829.84,397.42
2015-03-09,1562.33,1468.37,640.14,0,0,1237.37,844.94,405.63
2015-03-16,1575.58,1467.49,646.47,0,0,1233,809.57,390.46
2015-03-23,1578.16,1456.47,655.66,0,0,1218.89,825.93,387.9
2015-03-30,1578.03,1450.87,661.16,0,0,1221.46,832.22,397.87
2015-04-13,1574.67,1441.83,658.61,0,0,1212.13,797.56,392.76
2015-04-20,1584.72,1452.21,646.41,0,0,1241.34,838.23,417.84
2015-04-27,1601.77,1467.84,646.71,0,0,1263.59,847.77,429.59
2015-05-04,1610.62,1475.76,644.68,0,0,1266.28,840.23,426.05
2015-05-11,1616.71,1481.84,642.02,0,0,1271.53,836.78,420.93
2015-05-18,1616.12,1482.95,639.86,0,0,1280.69,836.03,418.59
2015-05-25,1614.23,1482.16,639.01,0,0,1284.04,836.09,416.84
2015-06-01,1616.16,1484.61,638.33,0,0,1271.16,829.3,409.79
2015-06-08,1619.01,1482.16,627.65,0,0,1253.88,812.33,398.77
2015-06-15,1623.21,1474.15,613.38,0,0,1257.12,818.84,412.2
2015-06-22,1631.53,1473.23,609.24,0,0,1261.22,837.29,404.37
2015-06-29,1627.85,1463.59,604.08,0,0,1255.31,840.28,403.63
2015-07-06,1625.2,1460.32,602.87,0,0,1252.5,842.32,399.55
2015-07-13,1628.05,1453.38,602.26,0,0,1236.28,829.16,382.66
2015-07-20,1629.76,1448,602.49,0,0,1223.43,829.92,385.64
2015-07-27,1616.44,1432.92,601.36,0,0,1211.1,822.65,372.21
2015-08-03,1592.6,1417.22,600.72,0,0,1191.02,801.11,362.15
2015-08-10,1574.19,1402.17,597.11,0,0,1179.28,796.61,343.74
2015-08-17,1563.33,1395.66,597.69,0,0,1183.36,866.39,328.89
2015-08-24,1542.91,1381.51,597.23,0,0,1151.99,773.33,314.11
2015-08-31,1506.09,1351.08,592.97,0,0,1129.37,758.56,293.6
2015-09-07,1498.16,1357.2,588.41,0,0,1168.4,782.7,327.37
2015-09-14,1502.48,1369.63,583.2,0,0,1164.99,763.75,306.37
2015-09-21,1487.74,1359,582.03,0,0,1152.2,768.62,302.05
2015-09-28,1478.23,1352.25,580.84,0,0,1148.97,755.98,296.42
2015-10-05,1473.02,1349.16,580.44,0,0,1151.85,766.97,302.67
2015-10-12,1480.5,1353.62,582.66,0,0,1158.96,767.54,322.03
2015-10-19,1476.41,1350.05,583.05,0,0,1127.62,762.61,306.01
2015-10-26,1461.32,1338.99,583.17,0,0,1122.5,754,310.46
2015-11-02,1455.8,1338.3,582.52,0,0,1140.17,756.28,322.88
2015-11-09,1462.65,1345.65,584.89,0,0,1137.41,756.48,318.59
2015-11-16,1460.79,1344.38,584.72,0,0,1130.86,747.62,302.76
2015-11-23,1450.34,1334.34,584.76,0,0,1123.77,737.55,298.21
2015-11-30,1457.51,1338.51,585.1,0,0,1128.07,740.03,302.58
2015-12-07,1460.16,1333.09,592.67,0,0,1109.3,713.62,291.01
2015-12-14,1451.12,1311.81,602.19,0,0,1080.35,728,267.61
2015-12-21,1439.19,1278.33,603.65,0,0,1042.05,722.41,255.51
2016-01-04,1430.07,1256.07,604.3,0,0,1046.54,719.95,248.56
2016-01-11,1426.66,1247.32,595.49,0,0,1044.91,715.82,245.71
2016-01-18,1409.38,1221.92,585.21,0,0,1015.21,700.85,218.14
2016-01-25,1392.09,1196.01,581.85,0,0,1000.36,696.16,216.74
2016-02-01,1387.46,1186.14,578.01,0,0,1021.17,707.25,243.64
2016-02-08,1392.39,1197.52,564.03,0,0,1025.75,703.12,233.1
2016-02-15,1373.5,1192.98,544.99,0,0,1006.59,685.36,221.3
2016-02-22,1361.81,1192.03,541.83,0,0,1024.79,692.73,235.05
2016-02-29,1361.22,1199.42,539.97,0,0,1019.13,689.85,230.45
2016-03-07,1370.64,1207.28,541.63,0,0,1037.01,690.2,238.14
2016-03-14,1391.51,1229.71,542.28,0,0,1058.63,697.38,259.5
2016-03-21,1406.7,1243.24,541.91,0,0,1062.06,695.55,252.79
2016-04-04,1413.36,1243.4,542.93,0,0,1045.47,700.8,251.74
2016-04-11,1411.23,1225.62,546.47,0,0,1031.22,667.12,242.06
2016-04-18,1426.2,1233.46,550.41,0,0,1061.97,681.9,264.13
2016-04-25,1438.74,1247.14,549.68,0,0,1087.79,713.9,269.91
2016-05-02,1446.96,1265.13,549.33,0,0,1090.93,718.37,282.34
2016-05-16,1445.54,1268.48,552.47,0,0,1098.12,724.99,288.56
2016-05-23,1463.42,1289.46,553.2,0,0,1124.97,735.41,292.52
2016-05-30,1476.71,1309.85,554.22,0,0,1131.01,744.1,307.7
2016-06-06,1484.45,1320.9,556.99,0,0,1129,743.28,309.87
2016-06-13,1479.97,1319.29,560.15,0,0,1141.71,760.05,330.97
2016-06-20,1473.96,1317.76,562.75,0,0,1129.46,751.33,320.16
2016-06-27,1470.98,1315.12,561.82,0,0,1120.06,759.43,327.96
2016-07-04,1468.26,1311.97,563.22,0,0,1114.69,754.2,336.41
2016-07-18,1448.71,1303.79,563.32,0,0,1103.64,724.97,317.76
2016-07-25,1444.46,1299.47,561.74,0,0,1093.03,744.7,318.23
2016-08-01,1432.49,1289.4,561.27,0,0,1083.41,745.07,297.62
2016-08-08,1422.53,1282.14,562.13,0,0,1068.76,741.51,300.44
2016-08-15,1426.52,1282.5,561.7,0,0,1085.94,747.33,308.88
2016-08-22,1441.35,1290.71,560.11,0,0,1124.72,758.67,332.47
2016-08-29,1454.76,1306.83,559.41,0,0,1114.03,757.57,336.13
2016-09-05,1456.77,1304.83,559.85,0,0,1104.95,754.68,322.26
2016-09-12,1452,1299.1,562.66,0,0,1117.6,766.95,340.26
2016-09-19,1451.92,1297.49,563.01,0,0,1116.24,763.5,323.08
2016-09-26,1451.9,1296.81,561.86,0,0,1116.51,764.31,331.87
2016-10-03,1456.38,1302.42,562.42,0,0,1133.14,770.62,334.84
2016-10-10,1471.23,1318.38,566.61,0,0,1150.52,784.89,362.2
2016-10-17,1482.87,1330.2,566.95,0,0,1158.61,785.39,358.29
2016-10-24,1487.2,1335.48,567.53,0,0,1155.45,788,367.65
2016-10-31,1494.82,1340.52,568.16,0,0,1155.99,787.17,362.89
2016-11-07,1487.1,1339.24,579,0,0,1124.67,771.85,330.68
2016-11-14,1473.9,1323.48,584.9,0,0,1122.35,767.65,334.61
2016-11-21,1458.41,1311.12,577.16,0,0,1129.19,730.27,347.14
2016-11-28,1468.14,1320.87,580.55,0,0,1143.77,742.25,364.03
2016-12-05,1478.6,1332.67,584.46,0,0,1166.57,768.68,383.39
2016-12-12,1499.34,1350.05,585.14,0,0,1172.57,745.02,380.5
2016-12-19,1508.88,1369.06,585.44,0,0,1189.01,779.73,402.97
2017-01-02,1535.52,1391.9,586.32,0,0,1208.16,780.88,417.7
2017-01-09,1550.03,1404.9,599.99,0,0,1208.87,806.79,431.19
2017-01-16,1547.49,1400.12,608.86,0,0,1207.67,805.71,419.07
2017-01-23,1544.75,1397.33,612.12,0,0,1190.6,778.55,407.05
2017-01-30,1543.74,1395.46,613.51,0,0,1208.23,782.36,412.16
2017-02-06,1546,1397.6,623.29,0,0,1208.6,799.29,407.83
2017-02-13,1549.55,1399.97,634.98,0,0,1211.27,796.15,405.52
2017-02-20,1555.14,1402.69,640.27,0,0,1208.2,794.38,398.24
2017-02-27,1555.24,1403,641.8,0,0,1217.38,801.64,403.48
2017-03-06,1555.19,1403.59,639.27,0,0,1208.56,795.94,398.56
2017-03-13,1548.9,1402,640.11,0,0,1191.35,782.95,385.06
2017-03-20,1539.01,1393.57,639.89,0,0,1177.22,776.39,375.34
2017-03-27,1532.13,1387.31,639.69,0,0,1166.37,770.76,366.99
2017-04-03,1527.07,1383,637.12,0,0,1175.92,772,384.62
2017-04-10,1538.09,1392.61,628.7,0,0,1184.89,779.5,400.92
2017-04-24,1559.28,1410.49,625.52,0,0,1178.1,778.24,384.94
2017-05-01,1555.83,1405.52,625.6,0,0,1146.53,760.76,375.96
2017-05-08,1539.66,1391.7,622.53,0,0,1144.72,762.72,369.97
2017-05-15,1529.24,1378.8,617.78,0,0,1152.05,776.47,379.37
2017-05-22,1525.19,1376,616.58,0,0,1156.48,778.04,381.54
2017-05-29,1523.83,1375.87,616.3,0,0,1158.46,776.66,382.4
2017-06-05,1519.38,1370.7,615.18,0,0,1142.91,756.9,371.57
2017-06-12,1511.93,1361.25,616.01,0,0,1099.88,714.74,363.62
2017-06-19,1502.93,1352.91,618.01,0,0,1107.36,756.26,351.31
2017-06-26,1490.26,1341.64,616.47,0,0,1110.56,742.57,346.49
2017-07-03,1488.99,1337.33,618.18,0,0,1113.94,755.36,352.79
2017-07-10,1490.68,1338.42,614.67,0,0,1120.15,732.75,347.73
2017-07-17,1487.33,1334.72,612.88,0,0,1118.3,741.88,347.07
2017-07-24,1489.83,1336.86,612.03,0,0,1126.63,755.3,355.72
2017-07-31,1494.19,1341.45,612.45,0,0,1132.31,755.92,358.38
2017-08-07,1497.19,1351.86,614.78,0,0,1129.67,754.25,353.33
2017-08-14,1498.51,1353.75,618.09,0,0,1124.7,755.75,354.47
2017-08-21,1499.35,1354.98,622.62,0,0,1122.24,750.23,348.4
2017-08-28,1499.3,1353.9,622.54,0,0,1125.36,753.38,352.74
2017-09-04,1508.66,1358.52,623.59,0,0,1140.83,761.5,356.77
2017-09-11,1523.42,1368.86,636.16,0,0,1148.95,763.92,359.64
2017-09-18,1524.96,1375.48,643.15,0,0,1156.86,768.97,366.49
2017-09-25,1521.54,1373.24,644,0,0,1165.83,771.32,370.57
2017-10-02,1525.48,1382.85,645.14,0,0,1166.95,744.66,379.71
2017-10-09,1525.77,1384.77,650.63,0,0,1165.88,766.29,381.53
2017-10-16,1524.14,1382.78,653.62,0,0,1158,765.65,379.07
2017-10-23,1523.78,1388.46,661.79,0,0,1157.35,732.95,379.26
2017-10-30,1524.24,1390.36,665.08,0,0,1174.02,734.42,382.53
2017-11-06,1532.9,1401.76,665.23,0,0,1182.1,744,400.51
2017-11-13,1544.13,1413.62,665.37,0,0,1203.44,765.1,418.38
2017-11-20,1547.8,1417.31,666.08,0,0,1201.85,757.64,401.33
2017-11-27,1545.64,1414.88,666.17,0,0,1205.17,759.25,400.89
2017-12-04,1545.84,1415.73,667.13,0,0,1204.31,757.33,399.74
2017-12-11,1543.57,1413.31,671.64,0,0,1203.33,752.62,388.54
2017-12-18,1549.32,1420.35,676.42,0,0,1209.06,746.27,396.52
2018-01-01,1554.54,1426.58,677.99,0,0,1219.91,815.81,407.41
2018-01-08,1561.51,1435.68,677.6,0,0,1230.87,821.34,421.3
2018-01-15,1566.62,1441.24,677.56,0,0,1242.54,832.9,421.1
2018-01-22,1571.37,1446.52,677.48,0,0,1235.87,826.01,413.74
2018-01-29,1572.83,1447.78,677.71,0,0,1239.6,824.93,412.07
2018-02-05,1573.42,1447.59,670.96,0,0,1225.59,817.34,407.55
2018-02-12,1569.91,1443.29,662.48,0,0,1205.68,803.59,390.54
2018-02-19,1553.48,1424.46,656.53,0,0,1185.89,800.19,384.19
2018-02-26,1546.71,1418.68,657.78,0,0,1201.08,804.41,393.55
2018-03-05,1548.87,1424.66,657.25,0,0,1201.7,804.51,382.72
2018-03-19,1544.2,1419.38,652.8,0,0,1202.52,808.08,385.97
2018-03-26,1547.08,1422.82,649.22,0,0,1217.37,815.84,390.1
2018-04-02,1554.06,1429.97,646.04,0,0,1223.26,814.7,390.44
2018-04-09,1556.26,1432.51,645.79,0,0,1230.94,819.02,400.32
2018-04-16,1562.98,1439.3,644.98,0,0,1243.95,830.11,409.69
2018-04-23,1573.32,1450.22,645.94,0,0,1253.47,838.22,416.63
2018-04-30,1585.17,1462.9,645.42,0,0,1263.83,841.09,423.44
2018-05-07,1592.6,1470.26,644.96,0,0,1262.93,849.5,428.81
2018-05-14,1605.99,1483.45,649.46,0,0,1283.44,871.16,453.41
2018-05-21,1623.24,1501.52,658.59,0,0,1301.42,890.19,475.36
2018-05-28,1642.44,1521.22,656.46,0,0,1303.17,889.37,472.1
2018-06-04,1648.66,1528.71,657.91,0,0,1300.64,888.73,471.56
2018-06-11,1648.07,1528.15,663.43,0,0,1293.48,884.52,470.29
2018-06-18,1645.27,1524.76,670.7,0,0,1291.49,880.66,463.33
2018-06-25,1636.72,1516.28,676.23,0,0,1281.77,878.76,458.98
2018-07-02,1632.24,1511.55,675.83,0,0,1290.6,882.58,468.91
2018-07-09,1632.66,1511.89,675.42,0,0,1290.95,882.17,470.94
2018-07-16,1632.4,1510.94,675.26,0,0,1281.23,878.53,466.01
2018-07-23,1629.3,1507.11,675.22,0,0,1277.75,878.54,465.74
2018-07-30,1627.7,1505.34,674.94,0,0,1285.86,884.06,471.9
2018-08-06,1628.76,1506.2,675.44,0,0,1282.71,879.18,463.78
2018-08-13,1629.3,1505.87,677.46,0,0,1282.79,878.29,460.52
2018-08-20,1627.86,1505.12,678.49,0,0,1288.74,878.29,457.03
2018-08-27,1628.98,1506.86,679.69,0,0,1295.4,885.96,466.47
2018-09-03,1633.66,1513.18,679.96,0,0,1303.25,889.9,471.37
2018-09-10,1642.55,1524.47,692.79,0,0,1301.57,888.33,463.15
2018-09-17,1642.69,1525.41,693.52,0,0,1305.73,888.32,466.72
2018-09-24,1641.8,1524.91,690.56,0,0,1304.88,888.49,470.03
2018-10-01,1644.2,1528.4,691.39,0,0,1323.29,900.98,488.63
2018-10-08,1657.58,1548.39,704.11,0,0,1343.47,931.42,524.95
2018-10-15,1665.05,1565.52,710.55,0,0,1340.12,919.64,501.28
2018-10-22,1661.21,1567.14,711.44,0,0,1340.09,917.07,499.81
2018-10-29,1655.7,1565.31,712.32,0,0,1328.78,908.5,506.31
2018-11-05,1649.26,1562.23,711.71,0,0,1316.37,901.21,493
2018-11-12,1636.86,1554.38,705.21,0,0,1313.46,895.41,484.17
2018-11-19,1619.37,1543.8,702.42,0,0,1298.61,884.46,466.78
2018-11-26,1595.69,1526.55,700.03,0,0,1275.13,869.76,429.68
2018-12-03,1565.3,1501.48,696.98,0,0,1250.16,862.36,421.2
2018-12-10,1533.5,1474.67,673.82,0,0,1246.72,859.39,417.04
2018-12-17,1520.36,1460.96,665.11,0,0,1246.65,850.97,416.82
2019-01-07,1486,1428.88,658.7,0,0,1264.19,884.44,430.33
2019-01-14,1482.55,1426.01,657.66,0,0,1269.38,883.33,443.11
2019-01-21,1491.59,1436.28,656.96,0,0,1282.07,898.38,448.56
2019-01-28,1494.5,1440.68,656.12,0,0,1288.7,901.38,453.78
2019-02-04,1499.38,1445.62,655.23,0,0,1279,849,461.56
2019-02-11,1508.24,1451.68,657.94,0,0,1283.11,866.89,465.56
2019-02-18,1517.76,1461.93,658.57,0,0,1298.72,870.6,481.33
2019-02-25,1534.68,1479.85,657.65,0,0,1306.38,870.9,488.88
2019-03-04,1542.33,1486.87,657.77,0,0,1305.72,872.6,484
2019-03-11,1548.72,1493.17,655.47,0,0,1310.07,877.7,487.25
2019-03-18,1554.03,1496.38,655.33,0,0,1310.76,861.2,495.44
2019-03-25,1562.82,1497.19,656.03,0,0,1307.34,859.5,490.22
2019-04-01,1573.56,1497.71,656.4,0,0,1308.83,859.3,490.78
2019-04-08,1588.6,1499.16,653.92,0,0,1316.55,862,496.56
2019-04-15,1604.64,1505.5,653.24,0,0,1323.76,864.3,496.33
2019-04-22,1615.23,1511.49,653.74,0,0,1327.79,864.1,495
2019-04-29,1625.87,1519.7,656.03,0,0,1337.46,874.8,511
2019-05-06,1627.81,1519.07,645.01,0,0,1335.26,869.9,504.22
2019-05-13,1625.82,1518.33,652.32,0,0,1330.75,866,495
2019-05-20,1624.17,1517.75,651.65,0,0,1343.5,874.6,501.89
2019-05-27,1631.14,1524.63,652.39,0,0,1324.07,858.6,495.22
2019-06-03,1621.9,1514.36,651.9,0,0,1313.11,854.2,498.22
2019-06-10,1605.95,1497.42,640.26,0,0,1278.67,824,485.25
2019-06-17,1595.79,1486.77,637.45,0,0,1275.79,836,466.13
2019-06-24,1590.01,1480.69,635.78,0,0,1282.37,842.9,478.38
2019-07-01,1588.76,1478.85,635.16,0,0,1287.25,853.2,497.5
2019-07-08,1590.42,1480.9,624.3,0,0,1291.86,850.5,496.5
2019-07-15,1596.75,1484.47,620.52,0,0,1310.11,864.4,513.38
2019-07-22,1599.93,1487.01,620.1,0,0,1300.68,846.9,485
2019-07-29,1592.01,1478.29,618.39,0,0,1303.79,852.4,486.44
2019-08-05,1592.34,1478.79,613.88,0,0,1304.54,853.4,484.67
2019-08-12,1579.93,1466.93,606.26,0,0,1290.11,838.5,458.56
2019-08-19,1571.8,1458.8,609.74,0,0,1290.07,837.1,455.56
2019-08-26,1568.66,1456.84,607.2,0,0,1294.46,835.9,466.11
2019-09-02,1566.06,1455,606.08,0,0,1289.17,824.5,453.57
2019-09-09,1565.19,1454.98,603.43,0,0,1305.57,839.1,457.22
2019-09-16,1570.5,1463.15,602.07,0,0,1313.86,848.1,456.89
2019-09-23,1589.68,1483.09,601.83,0,0,1324.71,864.4,469.78
2019-09-30,1591.92,1485.67,600.39,0,0,1318.71,861.5,477.22
2019-10-07,1585.51,1479.13,607.62,0,0,1306.61,860.2,479.33
2019-10-14,1579.07,1472.95,610.9,0,0,1306.25,860.4,479.89
2019-10-21,1574.44,1469.94,610.78,0,0,1308.82,859.8,468.11
2019-10-28,1571.89,1467.93,610.1,0,0,1314.21,865.1,476.78
2019-11-04,1572.41,1469.23,610.4,0,0,1310.11,859.7,475.78
2019-11-11,1573.73,1470.29,610.34,0,0,1313.25,865.3,482
2019-11-18,1573.81,1469.99,609.29,0,0,1318.07,863.5,479.44
2019-11-25,1576.5,1470.24,609.26,0,0,1316.75,866.1,485.22
2019-12-02,1580.78,1476.32,612.97,0,0,1323.11,866.5,485.33
2019-12-09,1580.43,1476.08,615.34,0,0,1321.86,875.5,499.89
2019-12-16,1578.01,1474.37,616.34,0,0,1323.46,879,510.44
2020-01-06,1590.14,1489.21,631.76,0,0,1334.18,897.6,539
2020-01-13,1593.76,1493.37,641.89,0,0,1333.43,910.9,574.33
2020-01-20,1587.11,1488.57,643.87,0,0,1319.68,898.5,553.78
2020-01-27,1587.13,1482.32,644.01,0,0,1303.61,890.4,534.67
2020-02-03,1570.49,1468.97,643.65,0,0,1293.93,881.5,514
2020-02-10,1554.68,1450.67,635.9,0,0,1287.14,854.64,488
2020-02-17,1547.14,1441.36,633.76,0,0,1285.82,850.73,495.88
2020-02-24,1545.5,1439.42,630.99,0,0,1290.36,854.18,496
2020-03-02,1540.15,1432.16,627.91,0,0,1247.64,811.73,445.75
2020-03-09,1522.31,1414.2,621.1,0,0,1244.21,814.36,443.88
2020-03-16,1496.59,1389.03,616.6,0,0,1168.86,759.27,371.13
2020-03-23,1477.47,1368.48,615.6,0,0,1140.57,708.45,322.5
2020-03-30,1456.54,1347.81,615.94,0,0,1157.18,715.82,302.38
2020-04-06,1436.81,1328.02,607.32,0,0,1119.11,687.45,287
2020-04-13,1422.27,1315.6,601.65,0,0,1125.61,694.18,304.63
2020-04-20,1411.26,1306.43,601.23,0,0,1092,679.27,295.13
2020-04-27,1391.61,1287.06,598.97,0,0,1061.43,616.55,278.75
2020-05-04,1374.28,1267.15,597.69,0,0,1051.46,635.91,283.13
2020-05-11,1362.01,1252.79,595.32,0,0,1066.18,643.55,304.75
2020-05-18,1356.75,1247.39,593.8,0,0,1069.93,671.5,312.63
2020-05-25,1366.77,1256.37,593.22,0,0,1087.89,698.55,353.44
2020-06-01,1371.48,1260.85,592.93,0,0,1089.68,698,350
2020-06-08,1371.01,1260.4,593.2,0,0,1102.43,710.45,366.22
2020-06-15,1377.77,1266.49,593.45,0,0,1092.79,706.27,367
2020-06-22,1385.38,1273.05,593.54,0,0,1110.29,714.36,377.78
2020-06-29,1399.18,1285.53,594.31,0,0,1112.39,711.18,375.67
2020-07-06,1400.83,1287.79,593.79,0,0,1125.14,716.18,385
2020-07-13,1403.8,1290.32,594.2,0,0,1125.89,715.91,385.56
2020-07-20,1404.6,1290.83,594.31,0,0,1127.46,704.55,365.22
2020-07-27,1403.56,1289.74,594.39,0,0,1127.54,703.09,364.33
2020-08-03,1401.66,1288.34,594.37,0,0,1118.29,697.45,358.33
2020-08-10,1397.66,1284.32,593.96,0,0,1120.75,695.73,362.89
2020-08-17,1398.23,1284.55,594.28,0,0,1119.71,696.82,363.78
2020-08-24,1399.68,1285.56,595.86,0,0,1115.79,695.09,361.89
2020-08-31,1400.08,1285.19,594.59,0,0,1110.96,692.73,362.78
2020-09-07,1398.48,1281.64,593.45,0,0,1099.14,683.82,351
2020-09-14,1392.04,1274.28,593.35,0,0,1086.14,675.18,344
2020-09-21,1388.7,1267.41,592.7,0,0,1090.46,682.45,355.89
2020-09-28,1389.54,1264.94,592.25,0,0,1084.18,677.64,353.56
2020-10-05,1388.24,1262.69,591.69,0,0,1087.18,680,354.11
2020-10-12,1388.63,1261,591.76,0,0,1088.75,689.82,368.33
2020-10-19,1389.14,1260.48,592.35,0,0,1088.93,691.64,369.22
2020-10-26,1387.72,1258.51,591.89,0,0,1085.36,690.36,367.89
2020-11-02,1383.88,1254.77,591.55,0,0,1069.79,677.18,354.89
2020-11-09,1378.34,1248.72,592.46,0,0,1072.5,677.64,364.56
2020-11-16,1385.46,1255.3,593.49,0,0,1089.29,690.09,380.11
2020-11-23,1393.24,1264.11,597.05,0,0,1097.21,692.09,379.44
2020-11-30,1403.62,1275.25,603.39,0,0,1117.96,713.45,392.22
2020-12-07,1409.34,1283.79,606.51,0,0,1127.64,716.45,393.44
2020-12-14,1412.51,1288.31,609.59,0,0,1132.86,725,402
2020-12-21,1427.58,1304.31,616.67,0,0,1141.39,733.64,407.44
2020-12-28,1434.07,1311.79,621.53,0,0,1139.79,729.09,410.89
2021-01-04,1441.5,1319.04,623.73,0,0,1144.64,728.18,408.22
2021-01-11,1450.07,1324.98,628.9,0,0,1152.64,742.55,420.33
2021-01-18,1465.98,1339.45,633.16,0,0,1166.18,759.91,435
2021-01-25,1476.16,1346.45,636.06,0,0,1165.61,772.09,439.11
2021-02-01,1479.99,1350.56,637.11,0,0,1171.82,767.45,433.11
2021-02-08,1488.9,1360.65,640.41,0,0,1184.5,784.27,460.22
2021-02-15,1500.43,1372.94,641.8,0,0,1198.64,792.55,480.44
2021-02-22,1518.55,1390.91,645.39,0,0,1219.75,799.82,494.11
2021-03-01,1536.58,1408.45,648.88,0,0,1236.32,805.64,508.44
2021-03-08,1549.65,1421.19,654.35,0,0,1234.68,808.18,524.11
2021-03-15,1566.15,1436.07,658.39,0,0,1252.5,810.55,523.56
2021-03-22,1578.77,1444.98,660.55,0,0,1241.18,795.18,506.22
2021-03-29,1575.35,1440.3,662.84,0,0,1237.68,787.27,496.56
2021-04-05,1574.22,1437.14,663.58,0,0,1239.71,790.18,503.44
2021-04-12,1573.52,1435.18,663.64,0,0,1237.11,789,497.56
2021-04-19,1574.45,1435.66,662.85,0,0,1238.82,811.91,510.56
2021-04-26,1577.01,1437.6,663.19,0,0,1237.71,802.27,502.11
2021-05-03,1578.94,1438.83,664.88,0,0,1241.39,806.18,505.78
2021-05-10,1587.82,1447.2,664.72,0,0,1247.32,812.36,508.33
2021-05-17,1593.07,1452.65,664.85,0,0,1246.96,806.36,500.89
2021-05-24,1592.41,1451.33,661.72,0,0,1245.82,794.36,490.67
2021-05-31,1590.02,1447.99,661.5,0,0,1250.21,795.36,494.67
2021-06-07,1599.04,1457.56,662.42,0,0,1259.39,802.73,508.11
2021-06-14,1605.46,1464.81,664.21,0,0,1269.11,805.82,510.89
2021-06-21,1614.47,1474.15,666.55,0,0,1279.07,818.91,522.22
2021-06-28,1624.61,1485.76,666.76,0,0,1282.14,826.36,530.22
2021-07-05,1634.34,1494.54,670.41,0,0,1291.46,833.36,540.44
2021-07-12,1649.6,1507.91,674.05,0,0,1292.71,839,533.89
2021-07-19,1655.26,1512.84,683.64,0,0,1298.29,832.18,538.89
2021-07-26,1653.59,1510.57,685.82,0,0,1293.61,831.27,532.44
2021-08-02,1655.53,1510.17,685.97,0,0,1297.79,835,539.78
2021-08-09,1657.41,1509.98,692.27,0,0,1290.89,824.73,526
2021-08-16,1656.16,1507.75,695.35,0,0,1287.96,825.45,529.89
2021-08-23,1652.39,1503.43,697,0,0,1277.04,811.91,511.11
2021-08-30,1650.23,1499.96,696.38,0,0,1290.93,826.09,531.22
2021-09-06,1655.19,1504.1,701.09,0,0,1297.07,836,546.67
2021-09-13,1662.09,1510.06,709.3,0,0,1294,835.82,545.44
2021-09-20,1670.67,1516.64,710.01,0,0,1308.43,847.27,556.22
2021-09-27,1676.36,1523.47,712.65,0,0,1327.07,871.73,565.89
2021-10-04,1686.89,1536.73,717.44,0,0,1356.36,887.27,590.78
2021-10-11,1713.07,1567.13,783.08,0,0,1375.04,893.82,604.22
2021-10-18,1733.84,1593.18,817.73,0,0,1403.96,911.18,615.89
2021-10-25,1745.84,1607.9,825.65,0,0,1406.64,920.73,617.22
2021-11-01,1749.25,1613.08,830.18,0,0,1406.64,918.09,613.78
2021-11-08,1750.76,1613.84,832.38,0,0,1396.18,913.18,603.22
2021-11-15,1749.56,1612.92,833.93,0,0,1406.5,917.36,614.44
2021-11-22,1746.87,1611.31,835.27,0,0,1398.39,914.27,612.11
2021-11-29,1742.76,1607.49,835.33,0,0,1402.43,923.91,623.44
2021-12-06,1732.9,1597.75,829.14,0,0,1367.82,896.09,579.44
2021-12-13,1725.35,1590.37,822.16,0,0,1384.68,898.36,595.89
2021-12-20,1722.46,1587.14,819.16,0,0,1388.25,897.64,592.22
2021-12-27,1719.59,1585.32,819.37,0,0,1394.11,897.91,594.78
2022-01-03,1723.06,1587.92,818.31,0,0,1393.75,906.45,606.89
2022-01-10,1733.4,1598.01,819.01,0,0,1422.64,917.27,621.89
2022-01-17,1754.31,1620.24,817.12,0,0,1436.82,926,626.89
2022-01-24,1778.64,1647.14,816.72,0,0,1466,933.09,658.11
2022-01-31,1796.72,1667.29,817.37,0,0,1479.88,950.18,665.22
2022-02-07,1819.32,1690.59,817.7,0,0,1500.08,977.09,675.78
2022-02-14,1835.26,1708.19,816.52,0,0,1508.84,980.55,678.56
2022-02-21,1849.94,1722.36,816.81,0,0,1515.16,986.36,684.89
2022-02-28,1868.86,1740.47,817.34,0,0,1564.64,1020,725.78
2022-03-07,1953.14,1829.33,853.55,0,0,1715.92,1109.36,827.78
2022-03-14,2184.58,2154.63,870.67,0,0,1820.8,1168.09,857.67
2022-03-21,2137.19,2124.56,876.81,0,0,1791.4,1157.36,782.22
2022-03-28,1870.44,1857.88,843.54,0,0,1841.88,1172.27,835.67
2022-04-04,1792.72,1788.17,829.69,0,0,1758.71,1156.91,798.44
2022-04-11,1765.36,1760.56,837.28,0,0,1737.44,1135.27,765.89
2022-04-18,1757.24,1750.73,838.93,0,0,1785.76,1155.91,787.33
2022-04-25,1766.28,1767.42,840.48,0,0,1792.83,1160.27,790
2022-05-02,1778.28,1791.12,844.79,0,0,1839.33,1179.45,804.78
2022-05-09,1808.27,1830.6,837.75,0,0,1827.79,1169.09,801.11
2022-05-16,1823.14,1827.96,834.31,0,0,1808.92,1168.18,795.89
2022-05-23,1873.11,1819.95,832.08,0,0,1785.74,1190,801.89
2022-05-30,1885.46,1812.79,830.89,0,0,1819.29,1205.27,814.56
2022-06-06,1940.54,1851.52,830.25,0,0,1899.71,1236.45,838.78
2022-06-13,2014.26,1935.27,829.79,0,0,1958.48,1260.27,858.56
2022-06-20,2063.48,2006.04,829.72,0,0,1991.41,1270.91,832.44
2022-06-27,2073.98,2033.83,829.63,0,0,2011.59,1270.45,806
2022-07-04,2065.05,2022.53,828.89,0,0,1972.42,1229.36,818
2022-07-11,2028.44,1981.63,826.76,0,0,1958.61,1262.27,799.44
2022-07-18,1988.71,1940.89,825.41,0,0,1947,1200.73,771.44
2022-07-25,1937.48,1894.46,823.58,0,0,1887,1199,791.56
2022-08-01,1877.15,1851.65,820.68,0,0,1884.09,1210.82,791.67
2022-08-08,1830.6,1811.28,808.98,0,0,1779.89,1193.2,763.33
2022-08-15,1770.22,1756.53,800.4,0,0,1750.94,1228.27,776.22
2022-08-22,1749.31,1744.4,805.11,0,0,1793.86,1212.91,769.33
2022-08-29,1761.48,1808.69,798.3,0,0,1870.71,1244.64,801.22
2022-09-05,1746.58,1838.4,802.29,0,0,1862.35,1215.2,759.56
2022-09-12,1722.22,1827.79,802.54,0,0,1825.04,1195.09,739.67
2022-09-19,1691.49,1803.09,800.58,0,0,1771.42,1186,734.56
2022-09-26,1656.12,1761.73,799.38,0,0,1789.38,1189.45,740.22
2022-10-03,1632.81,1738.33,796.66,0,0,1792.42,1184.64,738.44
2022-10-10,1659.78,1788.98,794.86,0,0,1894.96,1226.45,764.22
2022-10-17,1697.59,1882.67,793.71,0,0,1911.04,1233.82,750.89
2022-10-24,1691.24,1880.08,787.24,0,0,1882.22,1224.91,736.11
2022-10-31,1677.74,1865.54,777.79,0,0,1866.61,1223,742.11
2022-11-07,1687.73,1858.56,779.25,0,0,1848.91,1221.27,745.89
2022-11-14,1709.93,1852.46,776.94,0,0,1800.17,1206.73,732.11
2022-11-21,1697.11,1809.92,771.57,0,0,1742.17,1163.45,676.22
2022-11-28,1659.8,1747.93,768.3,0,0,1701.91,1143.45,657.22
2022-12-05,1689.44,1764.68,776.46,0,0,1697.75,1138.27,670.11
2022-12-12,1701.59,1770.08,784.92,0,0,1606.63,1097.82,621.67
2022-12-19,1662.96,1717.14,770.51,0,0,1647.71,1092.91,625.11
2022-12-26,1625.22,1689.77,777.6,0,0,1635.42,1099.18,638.89
2023-01-01,1644.09,1707.84,783.47,0,0,1652.71,1104.55,639.89
2023-01-09,1812.01,1868.13,809.54,0,0,1637.48,1104.91,632.67
2023-01-16,1813.58,1863.68,799.71,0,0,1651.57,1120.82,636.78
2023-01-23,1829.47,1875.1,797.85,0,0,1674.7,1129.73,645.22
2023-01-30,1871.31,1912.32,796.49,0,0,1663.83,1131.27,655.78
2023-02-06,1872.37,1897.04,792.57,0,0,1601.04,1108.64,642.22
2023-02-13,1859.74,1853.17,800.95,0,0,1571.29,1114.55,657.67
2023-02-20,1860.01,1836.58,803.24,0,0,1577.38,1110.73,658.22
2023-02-27,1856.45,1821.71,804.54,0,0,1567.58,1101.55,648.78
2023-03-06,1852.84,1809.06,802.63,0,0,1586.5,1111.27,659.56
2023-03-13,1859.93,1812.58,800.22,0,0,1571.17,1103.82,651.78
2023-03-20,1855.34,1801.8,797.97,0,0,1530.96,1071.09,607.89
2023-03-27,1850.86,1800.67,795.57,0,0,1519.52,1074.09,605.78
2023-04-03,1858.14,1766.77,793.5,0,0,1508.39,1075.91,617
2023-04-10,1875.28,1767.22,789.06,0,0,1523.36,1100.5,637.11
2023-04-17,1885.7,1766.49,783.92,0,0,1517.04,1090.27,637.33
2023-04-24,1877.95,1745.61,774.09,0,0,1480.39,1082.09,629.89
2023-05-01,1857.54,1710.83,772.03,0,0,1446.26,1070.64,618.11
2023-05-08,1834.76,1679.86,768.74,0,0,1415.91,1050.64,592.44
2023-05-15,1811.6,1654.14,762.22,0,0,1428.3,1044.64,597.22
2023-05-22,1807.54,1650.33,759.1,0,0,1433.91,1051.27,609.22
2023-05-29,1818.47,1662.3,756.81,0,0,1429.13,1052.45,610.78
2023-06-05,1822.23,1661.44,752.01,0,0,1424.39,1046.73,602.67
2023-06-12,1831.44,1668.44,739.83,0,0,1440.61,1058.36,611.89
2023-06-19,1840.97,1677.35,734.12,0,0,1449.39,1068.27,621.11
2023-06-26,1852.43,1690.32,727.54,0,0,1449.91,1065.27,618.33
2023-07-03,1846.49,1685.02,720.16,0,0,1444.7,1067.64,619
2023-07-10,1844.85,1683.77,715.81,0,0,1454.43,1069,623.22
2023-07-17,1859.58,1703.27,712.28,0,0,1470.09,1076.73,632.44
2023-07-24,1864.04,1709.59,709.56,0,0,1480.48,1076.45,627.89
2023-07-31,1897.95,1746.1,708.32,0,0,1538.77,1087.36,658.44
2023-08-07,1929.24,1796.41,708.49,0,0,1577.59,1129.18,685.89
2023-08-14,1939.06,1827.71,709.92,0,0,1604.04,1151.82,699.56
2023-08-21,1946.16,1845.34,715.85,0,0,1601.5,1140.09,691.78
2023-08-28,1947.72,1847.35,709.16,0,0,1627.3,1138.36,687.11
2023-09-04,1954.47,1855.61,707.34,0,0,1625.39,1138.64,689
2023-09-11,1969.59,1876.7,711.97,0,0,1661.74,1161.27,705.67
2023-09-18,1997.29,1924.02,714.83,0,0,1707.61,1186.18,719.67
2023-09-25,2001.89,1938.24,715.82,0,0,1711.78,1189.91,719.78
2023-10-02,1991.58,1932.12,716,0,0,1708.26,1189.36,720.22
2023-10-09,1962.69,1921.63,721.24,0,0,1647.91,1161.64,677.67
2023-10-16,1918.68,1897.3,723.24,0,0,1651.57,1171.45,686.78
2023-10-23,1895.48,1883.7,724.01,0,0,1662.3,1182.36,706.89
2023-10-30,1872.85,1865.34,725.33,0,0,1644.7,1171.09,689.56
2023-11-06,1854.2,1847.71,727.8,0,0,1626.3,1168.45,682.44
2023-11-13,1834.98,1824.28,725.75,0,0,1572.3,1123.3,658.22
2023-11-20,1815.68,1796.53,726.35,0,0,1554.43,1103,646.11
2023-11-27,1805.32,1785.41,724.33,0,0,1565.57,1104.5,628
2023-12-04,1797.06,1773.4,725,0,0,1546.25,1108.5,624.09
2023-12-11,1780.08,1753.7,726.01,0,0,1532,1080.3,609.36
2023-12-18,1765.91,1732.08,715.93,0,0,1507.88,1058.7,609.64
2023-12-25,1764.79,1725.19,721.23,0,0,1522.96,1069.1,619.64
2024-01-01,1772.05,1730.66,726.7,0,0,1516.38,1059.9,615.64
2024-01-08,1773.66,1730.54,728.6,0,0,1511.22,1084.1,614.09
2024-01-15,1768.94,1724.52,719.65,0,0,1525.42,1093,630.91
2024-01-22,1777.8,1734.14,718.53,0,0,1535.08,1068.5,624.73
2024-01-29,1811.86,1766.89,717.43,0,0,1553.08,1078.8,643.27
2024-02-05,1826.72,1785.61,718.14,0,0,1569.17,1101.6,642
2024-02-12,1839.98,1801.49,723.42,0,0,1582.83,1106,642.91
2024-02-19,1863.91,1832.56,724.63,0,0,1593.79,1112.6,646.91
2024-02-26,1858.97,1826.36,724.13,0,0,1564.63,1105.7,654.91
2024-03-04,1851.97,1812.73,723.45,0,0,1552.79,1107.9,659.09
2024-03-11,1852.73,1800.71,721.82,0,0,1547.38,1104.4,657.27
2024-03-18,1851.39,1789.97,721.75,0,0,1559.25,1104.9,658.73
2024-03-25,1877.18,1800.72,721.51,0,0,1559.04,1108.5,663.91
2024-04-01,1887.2,1793.05,723.31,0,0,1542.74,1112.4,672.64
2024-04-08,1900.79,1798.77,722.92,0,0,1563.52,1110.4,667.55
2024-04-15,1913.74,1806.87,720.96,0,0,1566.13,1114.1,668.91
